0 ,0 ,0 ,0 ,0 ,0 ,0 ,0 ,1 ,2 ,2 ,1 ,0 ,1 ,1 ,2 ,1 ,0 ,0 ,1 ,0 ,1 ,0 ,0 
1 ,0 ,1 ,1 ,1 ,1 ,0 ,3 ,2 ,4 ,1 ,4 ,4 ,1 ,3 ,11 ,1 ,2 ,21 ,1 ,0 ,0 ,6 ,1 
7 ,8 ,1 ,1 ,2 ,0 ,5 ,43 ,158 ,151 ,136 ,90 ,30 ,67 ,130 ,126 ,101 ,65 ,29 ,36 ,55 ,37 ,43 ,22 
0 ,0 ,0 ,0 ,0 ,0 ,0 ,0 ,0 ,1 ,2 ,1 ,2 ,1 ,1 ,1 ,1 ,1 ,0 ,1 ,1 ,0 ,0 ,0 
58 ,64 ,52 ,73 ,49 ,87 ,73 ,53 ,75 ,59 ,49 ,56 ,58 ,69 ,59 ,75 ,71 ,55 ,46 ,60 ,62 ,68 ,49 ,78 
0 ,0 ,0 ,0 ,0 ,0 ,0 ,0 ,0 ,1 ,0 ,2 ,1 ,1 ,4 ,0 ,2 ,0 ,0 ,0 ,0 ,0 ,0 ,0 
22 ,128 ,60 ,111 ,24 ,22 ,20 ,18 ,17 ,19 ,18 ,17 ,20 ,18 ,20 ,19 ,18 ,18 ,16 ,18 ,17 ,16 ,19 ,19 
0 ,0 ,0 ,0 ,0 ,0 ,0 ,0 ,0 ,1 ,1 ,1 ,0 ,0 ,0 ,0 ,5 ,0 ,0 ,0 ,1 ,1 ,5 ,2 
0 ,0 ,0 ,0 ,0 ,0 ,0 ,0 ,0 ,1 ,1 ,2 ,0 ,0 ,1 ,0 ,2 ,1 ,0 ,0 ,0 ,0 ,0 ,0 
2 ,0 ,7 ,4 ,1 ,0 ,0 ,0 ,0 ,4 ,1 ,1 ,0 ,0 ,0 ,2 ,0 ,0 ,0 ,0 ,1 ,5 ,5 ,12 
0 ,0 ,0 ,0 ,0 ,0 ,0 ,0 ,0 ,1 ,4 ,3 ,4 ,0 ,2 ,1 ,2 ,3 ,1 ,0 ,1 ,1 ,0 ,0 
0 ,0 ,0 ,0 ,0 ,0 ,0 ,0 ,1 ,0 ,3 ,2 ,0 ,0 ,1 ,1 ,0 ,0 ,2 ,0 ,0 ,0 ,0 ,0 
0 ,0 ,0 ,0 ,0 ,0 ,0 ,0 ,0 ,3 ,1 ,2 ,0 ,2 ,3 ,1 ,3 ,2 ,1 ,0 ,1 ,0 ,0 ,2 
0 ,0 ,0 ,0 ,0 ,0 ,0 ,0 ,0 ,1 ,1 ,2 ,3 ,1 ,2 ,1 ,2 ,2 ,1 ,0 ,1 ,0 ,0 ,0 
0 ,0 ,0 ,0 ,0 ,0 ,0 ,0 ,0 ,2 ,1 ,2 ,0 ,0 ,1 ,1 ,0 ,1 ,0 ,1 ,0 ,1 ,0 ,3 
1 ,0 ,0 ,0 ,0 ,0 ,0 ,0 ,0 ,1 ,1 ,3 ,3 ,1 ,4 ,1 ,2 ,1 ,1 ,0 ,0 ,0 ,0 ,0 
1 ,0 ,6 ,7 ,0 ,0 ,0 ,0 ,0 ,3 ,3 ,1 ,0 ,0 ,1 ,1 ,0 ,0 ,0 ,0 ,0 ,7 ,7 ,9 
1 ,0 ,0 ,0 ,0 ,0 ,0 ,0 ,0 ,2 ,3 ,1 ,3 ,2 ,2 ,1 ,2 ,1 ,1 ,0 ,1 ,1 ,0 ,0 
0 ,0 ,0 ,0 ,0 ,0 ,0 ,0 ,0 ,0 ,18 ,15 ,6 ,0 ,2 ,2 ,1 ,1 ,0 ,0 ,0 ,0 ,0 ,0 
0 ,0 ,0 ,0 ,0 ,0 ,0 ,0 ,1 ,2 ,2 ,1 ,2 ,1 ,3 ,0 ,2 ,1 ,0 ,0 ,1 ,1 ,0 ,0 
2 ,0 ,0 ,0 ,0 ,0 ,0 ,0 ,0 ,2 ,2 ,2 ,3 ,1 ,3 ,1 ,2 ,2 ,1 ,0 ,0 ,1 ,0 ,0 
0 ,0 ,0 ,0 ,0 ,0 ,0 ,0 ,5 ,15 ,19 ,1 ,0 ,0 ,1 ,8 ,4 ,1 ,0 ,1 ,1 ,3 ,0 ,0 
4 ,0 ,4 ,0 ,4 ,0 ,5 ,0 ,4 ,16 ,17 ,24 ,12 ,9 ,12 ,38 ,14 ,36 ,24 ,4 ,8 ,5 ,6 ,0 
0 ,0 ,0 ,0 ,0 ,0 ,0 ,0 ,2 ,2 ,2 ,2 ,3 ,1 ,5 ,3 ,2 ,1 ,1 ,1 ,2 ,3 ,2 ,0 
3 ,1 ,4 ,1 ,4 ,1 ,3 ,0 ,3 ,1 ,3 ,1 ,2 ,1 ,3 ,3 ,3 ,2 ,2 ,1 ,3 ,0 ,4 ,1 
1 ,0 ,0 ,0 ,0 ,0 ,0 ,0 ,0 ,1 ,0 ,2 ,4 ,1 ,3 ,2 ,4 ,1 ,1 ,0 ,0 ,0 ,0 ,0 
0 ,0 ,0 ,0 ,0 ,0 ,0 ,0 ,0 ,1 ,3 ,3 ,4 ,2 ,2 ,1 ,4 ,1 ,0 ,0 ,0 ,1 ,0 ,0 
8 ,2 ,0 ,0 ,0 ,0 ,0 ,0 ,0 ,0 ,0 ,0 ,0 ,0 ,0 ,0 ,0 ,0 ,0 ,0 ,0 ,0 ,0 ,0 
1 ,0 ,0 ,0 ,0 ,0 ,0 ,0 ,0 ,1 ,1 ,1 ,2 ,1 ,2 ,0 ,4 ,1 ,0 ,0 ,0 ,0 ,0 ,0 
3 ,0 ,11 ,10 ,1 ,0 ,0 ,1 ,0 ,4 ,3 ,3 ,0 ,2 ,1 ,3 ,0 ,2 ,0 ,0 ,0 ,6 ,14 ,8 
145 ,155 ,167 ,167 ,197 ,205 ,167 ,168 ,180 ,183 ,157 ,158 ,177 ,181 ,182 ,173 ,176 ,173 ,160 ,162 ,151 ,177 ,175 ,186 
0 ,0 ,0 ,0 ,0 ,0 ,0 ,0 ,0 ,2 ,4 ,2 ,3 ,2 ,2 ,0 ,3 ,1 ,1 ,1 ,0 ,1 ,0 ,0 
0 ,0 ,0 ,0 ,0 ,0 ,0 ,0 ,0 ,3 ,1 ,1 ,4 ,2 ,1 ,1 ,2 ,2 ,2 ,0 ,0 ,1 ,0 ,0 
0 ,4 ,0 ,0 ,0 ,0 ,0 ,0 ,0 ,1 ,2 ,1 ,0 ,0 ,0 ,0 ,0 ,0 ,0 ,0 ,0 ,0 ,0 ,0 
0 ,1 ,10 ,0 ,0 ,1 ,1 ,0 ,0 ,1 ,1 ,0 ,0 ,1 ,1 ,1 ,1 ,0 ,0 ,1 ,1 ,1 ,1 ,1 
0 ,0 ,0 ,0 ,0 ,0 ,0 ,0 ,0 ,2 ,2 ,5 ,2 ,3 ,3 ,2 ,2 ,3 ,1 ,2 ,0 ,1 ,2 ,0 
1 ,1 ,0 ,1 ,0 ,0 ,2 ,1 ,3 ,285 ,489 ,382 ,59 ,754 ,596 ,687 ,394 ,949 ,413 ,16 ,19 ,23 ,2 ,1 
0 ,0 ,0 ,0 ,0 ,0 ,0 ,0 ,0 ,1 ,1 ,2 ,0 ,0 ,1 ,1 ,1 ,0 ,0 ,0 ,0 ,0 ,0 ,0 
1 ,0 ,0 ,0 ,0 ,0 ,0 ,1 ,2 ,4 ,2 ,2 ,3 ,6 ,14 ,10 ,4 ,1 ,1 ,1 ,55 ,7 ,0 ,0 
334 ,122 ,125 ,389 ,130 ,132 ,108 ,112 ,115 ,111 ,101 ,107 ,111 ,110 ,113 ,114 ,112 ,105 ,102 ,101 ,94 ,108 ,116 ,120 
1 ,0 ,0 ,0 ,0 ,0 ,0 ,0 ,0 ,3 ,2 ,1 ,3 ,1 ,1 ,1 ,3 ,1 ,0 ,2 ,0 ,2 ,0 ,0 
2 ,0 ,4 ,6 ,1 ,0 ,0 ,0 ,0 ,2 ,2 ,3 ,0 ,0 ,1 ,1 ,0 ,0 ,0 ,0 ,0 ,4 ,5 ,5 
0 ,0 ,0 ,0 ,0 ,0 ,0 ,0 ,0 ,1 ,0 ,3 ,3 ,1 ,1 ,0 ,1 ,1 ,1 ,0 ,0 ,0 ,0 ,0 
0 ,0 ,0 ,0 ,0 ,0 ,0 ,0 ,4 ,3 ,2 ,3 ,0 ,0 ,0 ,3 ,1 ,0 ,0 ,3 ,1 ,3 ,1 ,1 
0 ,0 ,0 ,0 ,0 ,0 ,0 ,0 ,0 ,1 ,1 ,1 ,0 ,0 ,0 ,4 ,1 ,0 ,0 ,0 ,0 ,0 ,0 ,0 
1 ,1 ,1 ,1 ,1 ,2 ,1 ,1 ,1 ,1 ,2 ,1 ,1 ,1 ,2 ,0 ,2 ,1 ,1 ,1 ,2 ,1 ,2 ,1 
1 ,0 ,0 ,0 ,0 ,0 ,0 ,0 ,0 ,2 ,2 ,2 ,2 ,2 ,2 ,0 ,2 ,1 ,1 ,1 ,0 ,0 ,0 ,0 
0 ,0 ,0 ,0 ,0 ,0 ,0 ,0 ,1 ,2 ,4 ,1 ,4 ,1 ,2 ,1 ,3 ,0 ,0 ,0 ,0 ,1 ,0 ,0 
0 ,0 ,0 ,0 ,0 ,0 ,0 ,0 ,1 ,3 ,3 ,3 ,0 ,2 ,1 ,0 ,3 ,0 ,0 ,1 ,0 ,1 ,0 ,1 
2 ,0 ,0 ,0 ,0 ,0 ,0 ,0 ,0 ,3 ,3 ,2 ,2 ,3 ,4 ,1 ,2 ,2 ,1 ,0 ,1 ,1 ,0 ,0 
0 ,0 ,0 ,0 ,0 ,0 ,0 ,0 ,0 ,0 ,1 ,1 ,3 ,1 ,1 ,0 ,3 ,0 ,1 ,0 ,0 ,0 ,0 ,0 
1 ,0 ,0 ,0 ,0 ,0 ,0 ,0 ,1 ,2 ,3 ,1 ,4 ,3 ,2 ,0 ,3 ,1 ,1 ,0 ,0 ,1 ,0 ,0 
0 ,0 ,0 ,0 ,0 ,0 ,0 ,0 ,1 ,3 ,5 ,3 ,3 ,3 ,3 ,1 ,4 ,2 ,1 ,1 ,1 ,1 ,0 ,0 
2 ,0 ,5 ,5 ,1 ,0 ,0 ,1 ,2 ,5 ,3 ,4 ,2 ,2 ,4 ,3 ,5 ,3 ,1 ,1 ,1 ,5 ,7 ,7 
58 ,986 ,61 ,60 ,72 ,71 ,62 ,58 ,62 ,61 ,55 ,54 ,57 ,61 ,63 ,113 ,57 ,59 ,56 ,54 ,52 ,54 ,61 ,60 
0 ,0 ,0 ,0 ,0 ,0 ,0 ,0 ,0 ,0 ,1 ,1 ,1 ,0 ,2 ,1 ,2 ,1 ,1 ,0 ,1 ,0 ,0 ,0 
0 ,0 ,0 ,0 ,0 ,0 ,0 ,0 ,1 ,1 ,2 ,1 ,0 ,2 ,2 ,1 ,1 ,1 ,1 ,1 ,0 ,2 ,0 ,1 
0 ,0 ,0 ,0 ,0 ,0 ,0 ,0 ,0 ,1 ,1 ,1 ,1 ,0 ,1 ,1 ,2 ,0 ,0 ,0 ,1 ,0 ,0 ,0 
1 ,1 ,0 ,1 ,1 ,1 ,1 ,1 ,0 ,1 ,1 ,1 ,0 ,0 ,0 ,0 ,1 ,1 ,0 ,1 ,1 ,0 ,0 ,1 
0 ,0 ,0 ,0 ,0 ,0 ,0 ,0 ,0 ,0 ,0 ,0 ,0 ,0 ,0 ,0 ,0 ,9 ,0 ,0 ,0 ,0 ,0 ,0 
0 ,0 ,0 ,0 ,0 ,0 ,0 ,1 ,0 ,1 ,1 ,2 ,4 ,2 ,2 ,1 ,2 ,2 ,1 ,1 ,1 ,1 ,0 ,0 
0 ,0 ,0 ,0 ,0 ,0 ,0 ,0 ,0 ,37 ,10 ,24 ,0 ,0 ,2 ,0 ,0 ,0 ,0 ,0 ,1 ,0 ,0 ,0 
0 ,0 ,0 ,0 ,0 ,0 ,0 ,1 ,1 ,1 ,1 ,0 ,0 ,0 ,0 ,0 ,0 ,2 ,0 ,1 ,2 ,0 ,0 ,0 
4 ,0 ,4 ,0 ,4 ,0 ,3 ,0 ,4 ,1 ,2 ,1 ,3 ,0 ,3 ,5 ,4 ,1 ,3 ,1 ,2 ,0 ,3 ,1 
1 ,0 ,12 ,1 ,0 ,1 ,1 ,1 ,1 ,1 ,1 ,1 ,0 ,1 ,1 ,1 ,1 ,1 ,7 ,1 ,1 ,1 ,1 ,0 
3 ,1 ,3 ,0 ,4 ,0 ,4 ,0 ,2 ,1 ,3 ,4 ,4 ,0 ,3 ,2 ,4 ,1 ,3 ,0 ,2 ,1 ,4 ,1 
2 ,1 ,1 ,2 ,1 ,2 ,1 ,1 ,2 ,1 ,1 ,2 ,1 ,2 ,1 ,1 ,1 ,1 ,1 ,2 ,1 ,1 ,2 ,1 
0 ,0 ,0 ,0 ,0 ,0 ,0 ,0 ,0 ,1 ,1 ,4 ,0 ,0 ,1 ,1 ,0 ,1 ,1 ,1 ,0 ,0 ,0 ,0 
1 ,0 ,0 ,0 ,1 ,0 ,0 ,1 ,1 ,3 ,2 ,2 ,3 ,1 ,3 ,3 ,3 ,2 ,1 ,1 ,1 ,1 ,1 ,0 
0 ,0 ,0 ,0 ,0 ,0 ,0 ,0 ,1 ,2 ,2 ,1 ,0 ,1 ,1 ,2 ,2 ,1 ,0 ,1 ,0 ,1 ,0 ,3 
0 ,0 ,19 ,0 ,0 ,0 ,0 ,0 ,0 ,0 ,0 ,0 ,0 ,0 ,0 ,0 ,0 ,0 ,0 ,0 ,0 ,0 ,0 ,0 
0 ,0 ,0 ,0 ,0 ,0 ,0 ,0 ,0 ,1 ,1 ,1 ,1 ,0 ,1 ,1 ,2 ,2 ,1 ,0 ,1 ,0 ,0 ,0 
1 ,0 ,0 ,0 ,0 ,0 ,0 ,0 ,0 ,2 ,3 ,1 ,0 ,0 ,5 ,1 ,1 ,3 ,1 ,0 ,1 ,0 ,1 ,1 
95 ,150 ,88 ,153 ,82 ,161 ,74 ,294 ,91 ,75 ,31 ,23 ,16 ,14 ,18 ,16 ,33 ,71 ,47 ,7 ,24 ,152 ,136 ,251 
3 ,1 ,3 ,0 ,4 ,0 ,3 ,0 ,3 ,2 ,5 ,2 ,3 ,0 ,4 ,2 ,3 ,0 ,3 ,0 ,2 ,0 ,3 ,0 
2 ,2 ,2 ,2 ,2 ,3 ,2 ,1 ,2 ,2 ,2 ,2 ,2 ,2 ,2 ,2 ,2 ,1 ,2 ,2 ,2 ,2 ,2 ,2 
1 ,0 ,0 ,0 ,0 ,0 ,0 ,0 ,0 ,0 ,20 ,1 ,8 ,0 ,0 ,0 ,3 ,5 ,1 ,1 ,0 ,0 ,1 ,0 
0 ,0 ,7 ,0 ,0 ,30 ,34 ,136 ,128 ,88 ,47 ,82 ,98 ,95 ,127 ,69 ,108 ,137 ,101 ,93 ,55 ,126 ,124 ,0 
1 ,0 ,0 ,0 ,0 ,0 ,0 ,0 ,0 ,2 ,3 ,2 ,3 ,2 ,2 ,0 ,4 ,2 ,2 ,0 ,0 ,1 ,0 ,0 
147 ,23 ,141 ,27 ,155 ,31 ,123 ,26 ,135 ,29 ,108 ,27 ,128 ,29 ,143 ,30 ,135 ,28 ,125 ,27 ,123 ,26 ,128 ,31 
2 ,0 ,0 ,0 ,0 ,0 ,0 ,0 ,0 ,2 ,3 ,0 ,0 ,0 ,4 ,1 ,2 ,1 ,1 ,2 ,1 ,1 ,0 ,1 
0 ,0 ,0 ,0 ,0 ,0 ,0 ,0 ,0 ,1 ,1 ,0 ,0 ,4 ,1 ,2 ,1 ,2 ,0 ,1 ,1 ,0 ,0 ,1 
0 ,0 ,0 ,0 ,0 ,0 ,0 ,0 ,0 ,1 ,1 ,2 ,1 ,1 ,2 ,0 ,3 ,1 ,1 ,0 ,0 ,0 ,0 ,0 
0 ,0 ,0 ,0 ,0 ,0 ,0 ,0 ,2 ,4 ,1 ,3 ,1 ,0 ,2 ,1 ,2 ,0 ,0 ,0 ,0 ,0 ,0 ,0 
0 ,0 ,0 ,0 ,0 ,0 ,0 ,0 ,0 ,1 ,2 ,1 ,1 ,1 ,5 ,3 ,3 ,1 ,0 ,0 ,0 ,0 ,0 ,0 
747 ,0 ,965 ,0 ,0 ,9 ,4 ,6 ,8 ,3 ,4 ,4 ,4 ,4 ,4 ,4 ,4 ,5 ,4 ,4 ,4 ,3 ,4 ,4 
1 ,0 ,0 ,0 ,0 ,0 ,0 ,0 ,0 ,4 ,3 ,2 ,2 ,2 ,2 ,1 ,4 ,1 ,1 ,0 ,1 ,0 ,0 ,0 
3 ,1 ,3 ,0 ,4 ,1 ,4 ,1 ,3 ,2 ,4 ,2 ,4 ,1 ,5 ,1 ,4 ,3 ,3 ,1 ,2 ,1 ,3 ,0 
7 ,0 ,5 ,5 ,3 ,0 ,0 ,1 ,1 ,4 ,1 ,1 ,0 ,0 ,2 ,2 ,0 ,0 ,0 ,0 ,0 ,4 ,12 ,16 
2 ,0 ,11 ,8 ,1 ,0 ,0 ,1 ,0 ,4 ,3 ,2 ,1 ,1 ,1 ,1 ,1 ,1 ,0 ,0 ,0 ,5 ,13 ,13 
1 ,0 ,0 ,0 ,0 ,0 ,0 ,0 ,1 ,2 ,3 ,2 ,3 ,2 ,2 ,1 ,4 ,2 ,1 ,1 ,0 ,0 ,0 ,0 
3 ,0 ,3 ,0 ,4 ,1 ,3 ,0 ,3 ,2 ,4 ,1 ,3 ,1 ,3 ,4 ,3 ,2 ,3 ,0 ,3 ,0 ,5 ,0 
0 ,0 ,0 ,0 ,0 ,0 ,0 ,0 ,1 ,7 ,1 ,1 ,0 ,0 ,1 ,1 ,1 ,1 ,0 ,2 ,0 ,0 ,1 ,1 
0 ,0 ,0 ,0 ,0 ,0 ,0 ,0 ,2 ,2 ,1 ,1 ,0 ,1 ,5 ,1 ,0 ,1 ,1 ,0 ,1 ,1 ,0 ,2 
0 ,0 ,0 ,0 ,0 ,0 ,0 ,0 ,0 ,0 ,1 ,4 ,1 ,0 ,0 ,1 ,1 ,1 ,2 ,0 ,0 ,0 ,0 ,0 
0 ,0 ,0 ,0 ,0 ,0 ,0 ,0 ,0 ,2 ,6 ,1 ,4 ,2 ,2 ,1 ,2 ,1 ,2 ,0 ,1 ,0 ,0 ,0 
0 ,0 ,0 ,0 ,0 ,0 ,0 ,0 ,0 ,2 ,2 ,2 ,3 ,0 ,1 ,1 ,2 ,1 ,1 ,0 ,0 ,1 ,0 ,0 
2 ,1 ,2 ,2 ,2 ,3 ,2 ,2 ,4 ,2 ,2 ,2 ,2 ,1 ,2 ,2 ,2 ,2 ,2 ,2 ,3 ,2 ,1 ,2 
1 ,0 ,0 ,0 ,0 ,0 ,0 ,0 ,0 ,2 ,3 ,1 ,2 ,4 ,2 ,1 ,2 ,2 ,2 ,0 ,1 ,0 ,0 ,0 
0 ,0 ,0 ,0 ,0 ,0 ,0 ,0 ,0 ,0 ,1 ,1 ,0 ,0 ,1 ,1 ,1 ,1 ,1 ,0 ,0 ,0 ,0 ,0 
0 ,0 ,0 ,0 ,0 ,0 ,0 ,0 ,1 ,1 ,2 ,1 ,2 ,1 ,1 ,1 ,2 ,1 ,0 ,2 ,0 ,0 ,0 ,0 
0 ,0 ,0 ,0 ,0 ,0 ,0 ,0 ,3 ,3 ,4 ,2 ,4 ,2 ,5 ,2 ,2 ,1 ,2 ,1 ,1 ,1 ,0 ,0 
0 ,0 ,0 ,0 ,0 ,0 ,0 ,0 ,0 ,0 ,1 ,1 ,0 ,1 ,0 ,1 ,1 ,2 ,0 ,0 ,0 ,0 ,0 ,0 
13 ,3 ,0 ,1 ,1 ,0 ,0 ,0 ,0 ,0 ,0 ,0 ,0 ,0 ,0 ,0 ,0 ,0 ,0 ,0 ,0 ,0 ,0 ,0 
0 ,0 ,0 ,0 ,0 ,0 ,0 ,0 ,0 ,3 ,4 ,3 ,3 ,1 ,14 ,0 ,3 ,1 ,0 ,0 ,0 ,0 ,0 ,0 
0 ,0 ,0 ,0 ,0 ,0 ,0 ,1 ,0 ,3 ,2 ,3 ,2 ,1 ,2 ,2 ,3 ,1 ,2 ,0 ,0 ,2 ,0 ,0 
0 ,0 ,0 ,0 ,0 ,0 ,0 ,0 ,0 ,3 ,1 ,1 ,3 ,2 ,2 ,1 ,2 ,2 ,0 ,0 ,1 ,0 ,0 ,0 
720 ,6793 ,856 ,704 ,867 ,813 ,732 ,691 ,827 ,760 ,745 ,694 ,778 ,754 ,848 ,786 ,811 ,711 ,733 ,659 ,676 ,668 ,754 ,715 
0 ,0 ,0 ,0 ,0 ,0 ,0 ,0 ,0 ,1 ,1 ,1 ,1 ,1 ,2 ,1 ,3 ,1 ,1 ,0 ,0 ,1 ,0 ,0 
3 ,1 ,4 ,0 ,3 ,1 ,3 ,0 ,3 ,2 ,3 ,3 ,3 ,1 ,5 ,1 ,4 ,1 ,3 ,0 ,4 ,0 ,4 ,0 
0 ,0 ,0 ,0 ,0 ,0 ,0 ,0 ,0 ,2 ,0 ,3 ,1 ,1 ,2 ,1 ,4 ,1 ,1 ,0 ,0 ,0 ,0 ,0 
0 ,0 ,0 ,0 ,0 ,0 ,0 ,0 ,0 ,1 ,35 ,0 ,0 ,31 ,21 ,0 ,0 ,1 ,0 ,0 ,0 ,0 ,0 ,0 
2 ,1 ,2 ,0 ,3 ,1 ,3 ,0 ,3 ,1 ,4 ,2 ,4 ,0 ,6 ,5 ,3 ,2 ,2 ,1 ,2 ,1 ,3 ,2 
452 ,0 ,3 ,523 ,4 ,6 ,7 ,7 ,11 ,4 ,7 ,4 ,7 ,4 ,7 ,5 ,8 ,4 ,8 ,3 ,6 ,3 ,7 ,3 
3 ,0 ,4 ,0 ,4 ,0 ,3 ,0 ,3 ,1 ,2 ,2 ,4 ,0 ,4 ,1 ,4 ,2 ,3 ,0 ,2 ,0 ,3 ,0 
0 ,0 ,0 ,0 ,0 ,0 ,0 ,0 ,0 ,1 ,3 ,2 ,8 ,2 ,4 ,1 ,3 ,3 ,0 ,0 ,0 ,0 ,0 ,0 
1 ,1 ,7 ,1 ,0 ,0 ,0 ,1 ,1 ,1 ,0 ,1 ,1 ,0 ,0 ,0 ,1 ,1 ,0 ,1 ,1 ,1 ,1 ,1 
1 ,0 ,0 ,0 ,0 ,0 ,0 ,0 ,0 ,1 ,1 ,1 ,4 ,3 ,3 ,1 ,2 ,1 ,1 ,0 ,1 ,0 ,0 ,0 
0 ,0 ,1 ,1 ,0 ,0 ,0 ,0 ,0 ,0 ,0 ,0 ,0 ,0 ,0 ,0 ,2 ,8 ,0 ,0 ,0 ,0 ,0 ,2 
0 ,0 ,0 ,0 ,0 ,0 ,0 ,0 ,0 ,1 ,1 ,2 ,2 ,0 ,1 ,2 ,2 ,2 ,1 ,0 ,0 ,0 ,0 ,0 
1 ,0 ,5 ,6 ,2 ,0 ,0 ,1 ,0 ,4 ,1 ,1 ,0 ,0 ,0 ,0 ,0 ,0 ,0 ,0 ,1 ,5 ,9 ,10 
0 ,0 ,0 ,0 ,0 ,0 ,0 ,0 ,1 ,3 ,4 ,2 ,4 ,2 ,1 ,2 ,2 ,2 ,2 ,1 ,0 ,1 ,0 ,0 
23 ,24 ,26 ,27 ,31 ,32 ,28 ,26 ,27 ,24 ,25 ,28 ,24 ,26 ,32 ,30 ,33 ,25 ,26 ,22 ,22 ,26 ,35 ,26 
0 ,0 ,0 ,0 ,0 ,0 ,0 ,0 ,0 ,1 ,0 ,2 ,1 ,1 ,2 ,1 ,5 ,3 ,0 ,0 ,0 ,0 ,0 ,0 
0 ,0 ,0 ,0 ,0 ,0 ,0 ,0 ,0 ,1 ,1 ,3 ,3 ,0 ,1 ,2 ,3 ,1 ,1 ,0 ,0 ,0 ,0 ,0 
4 ,0 ,0 ,0 ,0 ,0 ,0 ,0 ,0 ,200 ,225 ,110 ,92 ,178 ,187 ,405 ,362 ,232 ,616 ,681 ,3043 ,1965 ,1556 ,5 
3 ,0 ,7 ,8 ,2 ,0 ,0 ,0 ,1 ,2 ,1 ,1 ,0 ,1 ,0 ,2 ,0 ,1 ,0 ,0 ,0 ,5 ,16 ,6 
0 ,0 ,0 ,0 ,0 ,0 ,0 ,0 ,2 ,2 ,2 ,4 ,3 ,2 ,3 ,2 ,2 ,1 ,0 ,0 ,1 ,1 ,0 ,0 
84 ,23 ,0 ,0 ,3 ,5 ,2 ,4 ,3 ,2 ,2 ,3 ,2 ,2 ,2 ,4 ,2 ,3 ,2 ,3 ,2 ,3 ,2 ,2 
0 ,0 ,0 ,0 ,0 ,0 ,0 ,0 ,0 ,1 ,1 ,2 ,1 ,1 ,2 ,0 ,2 ,1 ,1 ,0 ,0 ,0 ,0 ,0 
441 ,551 ,602 ,600 ,689 ,693 ,563 ,571 ,628 ,606 ,505 ,566 ,611 ,620 ,594 ,558 ,585 ,567 ,566 ,573 ,464 ,502 ,517 ,583 
0 ,0 ,0 ,0 ,0 ,0 ,0 ,1 ,0 ,2 ,2 ,3 ,3 ,2 ,2 ,1 ,2 ,1 ,1 ,1 ,1 ,0 ,0 ,0 
0 ,0 ,0 ,0 ,0 ,0 ,0 ,0 ,0 ,6 ,4 ,2 ,3 ,1 ,2 ,2 ,3 ,1 ,0 ,0 ,2 ,2 ,0 ,0 
0 ,0 ,0 ,0 ,0 ,0 ,0 ,0 ,1 ,3 ,1 ,1 ,0 ,2 ,1 ,0 ,2 ,1 ,0 ,0 ,1 ,1 ,0 ,0 
0 ,49 ,0 ,0 ,0 ,0 ,0 ,0 ,0 ,0 ,11 ,0 ,0 ,0 ,0 ,0 ,0 ,8 ,0 ,0 ,0 ,0 ,0 ,0 
2 ,0 ,0 ,0 ,0 ,0 ,0 ,0 ,0 ,1 ,3 ,2 ,0 ,0 ,3 ,2 ,0 ,1 ,0 ,2 ,1 ,1 ,1 ,1 
0 ,0 ,0 ,0 ,0 ,0 ,0 ,0 ,0 ,1 ,1 ,0 ,0 ,0 ,1 ,1 ,2 ,0 ,0 ,0 ,0 ,0 ,0 ,0 
3 ,0 ,3 ,1 ,4 ,0 ,3 ,0 ,3 ,2 ,3 ,1 ,3 ,1 ,5 ,3 ,3 ,1 ,3 ,2 ,3 ,1 ,3 ,0 
7902 ,1 ,7011 ,0 ,4 ,22 ,18 ,18 ,26 ,10 ,15 ,9 ,17 ,11 ,18 ,8 ,18 ,9 ,17 ,8 ,13 ,9 ,17 ,8 
12792 ,0 ,4 ,1 ,17297 ,8 ,8 ,7 ,12 ,3 ,8 ,3 ,7 ,4 ,10 ,5 ,7 ,3 ,7 ,4 ,5 ,4 ,7 ,3 
3 ,0 ,4 ,0 ,3 ,0 ,3 ,0 ,3 ,7 ,4 ,2 ,3 ,5 ,5 ,0 ,4 ,0 ,4 ,0 ,3 ,0 ,3 ,0 
0 ,0 ,0 ,0 ,0 ,0 ,0 ,0 ,0 ,1 ,5 ,11 ,0 ,0 ,0 ,13 ,7 ,0 ,0 ,0 ,8 ,0 ,1 ,0 
279 ,349 ,305 ,344 ,298 ,412 ,294 ,423 ,308 ,346 ,289 ,369 ,336 ,412 ,300 ,327 ,378 ,330 ,329 ,362 ,487 ,337 ,295 ,369 
0 ,0 ,0 ,0 ,0 ,0 ,0 ,0 ,0 ,0 ,0 ,0 ,1 ,0 ,0 ,10 ,7 ,0 ,0 ,0 ,0 ,0 ,0 ,0 
0 ,0 ,0 ,0 ,0 ,0 ,0 ,0 ,1 ,2 ,2 ,2 ,2 ,1 ,5 ,0 ,2 ,1 ,0 ,0 ,0 ,1 ,0 ,0 
2 ,1 ,1 ,2 ,1 ,2 ,1 ,1 ,2 ,1 ,3 ,2 ,2 ,2 ,1 ,9 ,2 ,1 ,1 ,1 ,2 ,1 ,1 ,2 
0 ,0 ,0 ,0 ,0 ,0 ,0 ,0 ,0 ,33 ,35 ,0 ,0 ,2 ,0 ,1 ,0 ,2 ,1 ,0 ,0 ,0 ,0 ,0 
0 ,0 ,0 ,0 ,0 ,0 ,0 ,0 ,0 ,3 ,1 ,2 ,0 ,1 ,1 ,1 ,2 ,1 ,1 ,1 ,0 ,1 ,0 ,3 
0 ,4 ,0 ,0 ,0 ,0 ,0 ,0 ,2 ,1 ,4 ,1 ,2 ,3 ,3 ,3 ,6 ,4 ,3 ,3 ,5 ,5 ,2 ,0 
5 ,6 ,4 ,6 ,5 ,6 ,5 ,6 ,6 ,6 ,6 ,61 ,6 ,5 ,5 ,6 ,6 ,4 ,5 ,6 ,5 ,4 ,5 ,4 
595 ,513 ,642 ,577 ,742 ,675 ,612 ,558 ,647 ,590 ,2410 ,2660 ,1345 ,606 ,710 ,703 ,686 ,577 ,631 ,561 ,577 ,555 ,665 ,615 
3 ,0 ,4 ,1 ,4 ,0 ,4 ,0 ,3 ,1 ,4 ,1 ,4 ,0 ,4 ,3 ,3 ,1 ,3 ,1 ,2 ,0 ,3 ,1 
1 ,0 ,2 ,0 ,0 ,0 ,0 ,0 ,0 ,0 ,1 ,0 ,0 ,1 ,0 ,0 ,1 ,3 ,31 ,1 ,0 ,0 ,0 ,0 
16 ,8 ,8 ,6 ,6 ,16 ,21 ,32 ,32 ,50 ,63 ,50 ,70 ,75 ,77 ,114 ,101 ,126 ,204 ,184 ,246 ,169 ,84 ,51 
0 ,0 ,0 ,0 ,0 ,0 ,0 ,0 ,2 ,0 ,0 ,2 ,0 ,0 ,2 ,2 ,1 ,1 ,1 ,0 ,0 ,0 ,0 ,0 
0 ,0 ,0 ,0 ,0 ,0 ,0 ,0 ,0 ,1 ,0 ,1 ,1 ,0 ,1 ,1 ,2 ,2 ,0 ,0 ,0 ,0 ,0 ,0 
3 ,0 ,3 ,1 ,4 ,0 ,3 ,0 ,3 ,1 ,3 ,2 ,4 ,0 ,5 ,4 ,4 ,1 ,3 ,1 ,3 ,0 ,3 ,0 
2 ,0 ,0 ,0 ,0 ,0 ,0 ,0 ,0 ,0 ,1 ,2 ,5 ,0 ,1 ,1 ,1 ,1 ,0 ,0 ,1 ,0 ,0 ,0 
1 ,0 ,0 ,0 ,0 ,0 ,0 ,1 ,2 ,1 ,2 ,3 ,4 ,3 ,8 ,11 ,3 ,1 ,2 ,0 ,1 ,2 ,0 ,0 
0 ,0 ,0 ,0 ,0 ,0 ,0 ,0 ,1 ,3 ,1 ,1 ,0 ,1 ,1 ,0 ,1 ,0 ,0 ,0 ,0 ,0 ,0 ,1 
0 ,0 ,0 ,0 ,0 ,0 ,0 ,0 ,0 ,3 ,2 ,1 ,0 ,0 ,1 ,0 ,1 ,2 ,0 ,0 ,0 ,2 ,0 ,0 
0 ,0 ,0 ,0 ,0 ,0 ,0 ,0 ,0 ,0 ,0 ,1 ,0 ,0 ,1 ,0 ,1 ,2 ,0 ,0 ,0 ,0 ,0 ,0 
4 ,9 ,0 ,0 ,0 ,0 ,0 ,0 ,0 ,1 ,3 ,2 ,1 ,1 ,2 ,2 ,1 ,3 ,1 ,15 ,10 ,6 ,11 ,34 
0 ,0 ,0 ,0 ,0 ,0 ,0 ,0 ,0 ,1 ,2 ,2 ,2 ,1 ,3 ,1 ,5 ,1 ,0 ,0 ,0 ,0 ,0 ,0 
1 ,0 ,0 ,0 ,0 ,1 ,0 ,1 ,1 ,0 ,1 ,1 ,1 ,1 ,2 ,1 ,1 ,1 ,2 ,1 ,1 ,1 ,1 ,1 
0 ,0 ,0 ,0 ,0 ,0 ,0 ,0 ,0 ,0 ,1 ,1 ,3 ,0 ,1 ,1 ,3 ,2 ,1 ,0 ,1 ,0 ,0 ,0 
1 ,0 ,3 ,6 ,1 ,0 ,0 ,1 ,1 ,2 ,3 ,1 ,0 ,0 ,1 ,0 ,0 ,0 ,0 ,0 ,0 ,3 ,7 ,8 
0 ,0 ,0 ,0 ,0 ,0 ,0 ,0 ,0 ,0 ,0 ,1 ,1 ,1 ,2 ,1 ,2 ,1 ,0 ,0 ,0 ,0 ,0 ,0 
3 ,0 ,3 ,0 ,4 ,0 ,2 ,0 ,3 ,3 ,3 ,3 ,2 ,0 ,4 ,2 ,4 ,2 ,3 ,1 ,3 ,0 ,3 ,0 
2 ,0 ,5 ,8 ,0 ,0 ,0 ,1 ,0 ,4 ,3 ,1 ,0 ,0 ,1 ,0 ,0 ,1 ,0 ,0 ,0 ,10 ,7 ,12 
0 ,0 ,0 ,0 ,0 ,0 ,0 ,0 ,1 ,2 ,2 ,1 ,5 ,2 ,2 ,0 ,3 ,2 ,1 ,0 ,0 ,1 ,0 ,0 
3 ,0 ,3 ,0 ,4 ,0 ,2 ,0 ,3 ,3 ,4 ,2 ,3 ,0 ,3 ,2 ,4 ,1 ,2 ,0 ,2 ,1 ,2 ,0 
0 ,0 ,0 ,0 ,0 ,0 ,0 ,0 ,5 ,2 ,5 ,2 ,0 ,0 ,4 ,77 ,1 ,2 ,0 ,1 ,0 ,0 ,6 ,4 
2 ,1 ,3 ,1 ,4 ,0 ,3 ,0 ,2 ,1 ,2 ,2 ,2 ,0 ,4 ,3 ,3 ,2 ,3 ,0 ,3 ,0 ,3 ,0 
2 ,1 ,3 ,1 ,3 ,1 ,2 ,1 ,3 ,2 ,2 ,3 ,3 ,1 ,4 ,7 ,4 ,1 ,4 ,1 ,3 ,1 ,2 ,1 
1 ,1 ,1 ,1 ,1 ,1 ,1 ,1 ,1 ,1 ,1 ,0 ,0 ,1 ,1 ,1 ,1 ,1 ,1 ,1 ,0 ,1 ,1 ,1 
0 ,0 ,0 ,0 ,0 ,0 ,0 ,0 ,0 ,1 ,2 ,1 ,2 ,1 ,2 ,1 ,1 ,1 ,0 ,0 ,0 ,0 ,0 ,0 
0 ,0 ,0 ,0 ,0 ,0 ,0 ,0 ,4 ,3 ,2 ,1 ,0 ,2 ,4 ,3 ,3 ,4 ,0 ,6 ,14 ,4 ,8 ,2 
0 ,0 ,0 ,0 ,0 ,0 ,0 ,0 ,0 ,1 ,0 ,2 ,1 ,0 ,1 ,0 ,2 ,1 ,1 ,0 ,0 ,0 ,0 ,0 
1 ,1 ,1 ,1 ,1 ,1 ,1 ,1 ,1 ,0 ,1 ,1 ,1 ,1 ,1 ,1 ,1 ,1 ,1 ,1 ,1 ,1 ,0 ,1 
0 ,0 ,0 ,0 ,0 ,0 ,0 ,0 ,1 ,1 ,1 ,2 ,0 ,0 ,2 ,2 ,0 ,1 ,0 ,2 ,0 ,0 ,1 ,1 
0 ,0 ,9 ,7 ,0 ,0 ,0 ,0 ,0 ,3 ,2 ,2 ,0 ,2 ,1 ,2 ,3 ,1 ,0 ,0 ,0 ,8 ,8 ,16 
0 ,0 ,0 ,0 ,0 ,0 ,0 ,0 ,0 ,2 ,0 ,1 ,1 ,0 ,2 ,0 ,2 ,1 ,0 ,0 ,0 ,0 ,0 ,0 
0 ,0 ,0 ,0 ,0 ,0 ,0 ,0 ,1 ,1 ,4 ,1 ,2 ,1 ,2 ,1 ,4 ,2 ,1 ,0 ,1 ,1 ,0 ,0 
0 ,0 ,0 ,0 ,0 ,0 ,0 ,0 ,0 ,2 ,4 ,1 ,3 ,2 ,1 ,0 ,3 ,1 ,0 ,1 ,0 ,0 ,0 ,0 
2 ,0 ,3 ,0 ,4 ,2 ,3 ,0 ,2 ,1 ,2 ,1 ,3 ,0 ,4 ,6 ,4 ,1 ,3 ,0 ,3 ,0 ,3 ,0 
1 ,0 ,0 ,0 ,0 ,0 ,0 ,0 ,0 ,4 ,3 ,2 ,3 ,1 ,2 ,0 ,2 ,1 ,1 ,0 ,0 ,0 ,0 ,0 
0 ,0 ,0 ,0 ,0 ,0 ,0 ,0 ,2 ,3 ,3 ,3 ,0 ,6 ,3 ,3 ,2 ,1 ,2 ,1 ,0 ,1 ,0 ,1 
64 ,43 ,65 ,59 ,54 ,73 ,51 ,62 ,58 ,49 ,58 ,59 ,56 ,57 ,71 ,55 ,55 ,42 ,43 ,56 ,53 ,50 ,57 ,67 
0 ,0 ,0 ,0 ,0 ,0 ,0 ,0 ,0 ,27 ,0 ,5 ,0 ,6 ,0 ,0 ,0 ,0 ,0 ,0 ,0 ,0 ,0 ,0 
3 ,0 ,3 ,0 ,3 ,0 ,3 ,0 ,3 ,3 ,3 ,1 ,3 ,0 ,3 ,1 ,3 ,0 ,3 ,0 ,4 ,0 ,3 ,1 
0 ,0 ,0 ,0 ,0 ,0 ,0 ,0 ,0 ,1 ,0 ,2 ,1 ,1 ,1 ,1 ,1 ,1 ,0 ,0 ,0 ,0 ,0 ,0 
1 ,0 ,0 ,0 ,0 ,0 ,0 ,0 ,8 ,6 ,7 ,6 ,2 ,3 ,3 ,3 ,6 ,3 ,1 ,0 ,2 ,6 ,0 ,0 
380 ,389 ,431 ,438 ,495 ,514 ,418 ,429 ,447 ,432 ,373 ,400 ,425 ,446 ,444 ,412 ,411 ,422 ,396 ,395 ,357 ,402 ,429 ,452 
0 ,0 ,0 ,0 ,0 ,0 ,0 ,0 ,0 ,1 ,0 ,2 ,2 ,0 ,3 ,1 ,3 ,1 ,1 ,0 ,1 ,0 ,0 ,0 
0 ,0 ,0 ,0 ,0 ,0 ,0 ,0 ,2 ,2 ,2 ,1 ,0 ,2 ,1 ,1 ,1 ,1 ,0 ,0 ,0 ,0 ,0 ,2 
3 ,0 ,3 ,0 ,4 ,0 ,2 ,0 ,2 ,1 ,3 ,2 ,3 ,0 ,4 ,7 ,4 ,1 ,3 ,1 ,3 ,0 ,3 ,0 
0 ,0 ,0 ,0 ,0 ,0 ,0 ,0 ,0 ,0 ,2 ,1 ,4 ,0 ,2 ,1 ,2 ,1 ,1 ,0 ,0 ,0 ,0 ,0 
1 ,0 ,4 ,7 ,1 ,0 ,0 ,1 ,0 ,3 ,1 ,1 ,0 ,1 ,1 ,2 ,1 ,1 ,0 ,0 ,0 ,7 ,7 ,9 
0 ,0 ,0 ,0 ,0 ,0 ,0 ,0 ,1 ,1 ,3 ,1 ,3 ,1 ,2 ,1 ,2 ,2 ,1 ,0 ,0 ,1 ,0 ,0 
155 ,0 ,0 ,0 ,0 ,0 ,0 ,0 ,0 ,0 ,2805 ,509 ,16004 ,884 ,636 ,663 ,832 ,1215 ,646 ,1539 ,1378 ,840 ,5612 ,3438 
3 ,0 ,3 ,0 ,4 ,0 ,3 ,0 ,3 ,3 ,3 ,1 ,4 ,0 ,4 ,1 ,3 ,1 ,3 ,1 ,3 ,0 ,3 ,1 
0 ,0 ,1 ,2 ,1 ,1 ,1 ,1 ,0 ,2 ,0 ,3 ,0 ,0 ,1 ,0 ,4 ,1 ,2 ,0 ,2 ,0 ,0 ,1 
0 ,0 ,0 ,0 ,0 ,0 ,0 ,0 ,0 ,0 ,0 ,0 ,18 ,0 ,0 ,28 ,2 ,0 ,0 ,2 ,0 ,0 ,0 ,0 
2 ,0 ,0 ,0 ,0 ,0 ,0 ,0 ,0 ,1 ,3 ,1 ,1 ,1 ,1 ,0 ,3 ,1 ,1 ,0 ,0 ,2 ,0 ,0 
0 ,0 ,0 ,0 ,0 ,0 ,0 ,0 ,0 ,1 ,0 ,1 ,4 ,2 ,2 ,0 ,4 ,2 ,0 ,0 ,0 ,0 ,0 ,0 
0 ,0 ,0 ,0 ,0 ,0 ,0 ,0 ,0 ,2 ,1 ,5 ,2 ,1 ,8 ,3 ,3 ,3 ,1 ,2 ,1 ,0 ,0 ,0 
166 ,168 ,142 ,189 ,50 ,47 ,29 ,34 ,21 ,31 ,33 ,26 ,21 ,27 ,30 ,29 ,22 ,19 ,71 ,88 ,141 ,135 ,142 ,155 
0 ,0 ,0 ,0 ,0 ,0 ,0 ,0 ,2 ,2 ,2 ,5 ,0 ,4 ,8 ,2 ,7 ,1 ,1 ,1 ,0 ,1 ,0 ,0 
57 ,23 ,3 ,1 ,2 ,4 ,3 ,63 ,78 ,13 ,324 ,44 ,155 ,120 ,423 ,63 ,158 ,85 ,188 ,186 ,109 ,217 ,129 ,59 
1 ,0 ,0 ,0 ,1 ,1 ,1 ,1 ,1 ,1 ,1 ,1 ,1 ,1 ,1 ,0 ,1 ,1 ,1 ,1 ,1 ,1 ,1 ,1 
0 ,0 ,0 ,0 ,0 ,0 ,0 ,0 ,1 ,1 ,1 ,2 ,0 ,0 ,0 ,1 ,0 ,0 ,0 ,3 ,0 ,0 ,1 ,2 
2 ,1 ,2 ,2 ,1 ,2 ,2 ,1 ,2 ,1 ,2 ,1 ,1 ,2 ,1 ,2 ,1 ,2 ,2 ,1 ,1 ,1 ,2 ,2 
1 ,0 ,0 ,1 ,1 ,1 ,1 ,1 ,1 ,0 ,1 ,0 ,1 ,0 ,1 ,0 ,1 ,1 ,1 ,1 ,1 ,0 ,1 ,1 
0 ,0 ,0 ,0 ,0 ,0 ,0 ,0 ,0 ,0 ,1 ,0 ,0 ,0 ,2 ,1 ,3 ,1 ,0 ,4 ,2 ,1 ,0 ,1 
2 ,1 ,4 ,0 ,4 ,0 ,3 ,0 ,3 ,1 ,4 ,1 ,4 ,0 ,5 ,2 ,4 ,1 ,3 ,0 ,3 ,0 ,4 ,1 
0 ,10 ,4 ,0 ,0 ,0 ,0 ,0 ,0 ,0 ,0 ,0 ,0 ,0 ,0 ,0 ,0 ,0 ,0 ,0 ,0 ,0 ,0 ,0 
99 ,31 ,103 ,33 ,130 ,42 ,95 ,32 ,102 ,32 ,75 ,30 ,96 ,37 ,99 ,32 ,93 ,33 ,86 ,30 ,84 ,31 ,92 ,33 
0 ,0 ,0 ,0 ,0 ,0 ,0 ,0 ,0 ,1 ,1 ,2 ,2 ,1 ,1 ,3 ,2 ,1 ,1 ,1 ,1 ,2 ,1 ,1 
1 ,0 ,0 ,0 ,0 ,0 ,0 ,0 ,0 ,1 ,4 ,2 ,2 ,0 ,4 ,1 ,3 ,2 ,0 ,0 ,1 ,0 ,0 ,0 
3 ,1 ,3 ,0 ,4 ,1 ,3 ,0 ,3 ,3 ,3 ,1 ,4 ,1 ,4 ,7 ,3 ,0 ,4 ,1 ,3 ,0 ,2 ,1 
0 ,0 ,0 ,0 ,0 ,0 ,0 ,0 ,0 ,1 ,1 ,1 ,2 ,0 ,1 ,0 ,5 ,3 ,1 ,0 ,0 ,0 ,0 ,0 
0 ,0 ,0 ,0 ,0 ,0 ,0 ,0 ,0 ,0 ,1 ,1 ,1 ,1 ,2 ,0 ,3 ,1 ,1 ,0 ,1 ,1 ,0 ,0 
1 ,1 ,1 ,1 ,1 ,1 ,1 ,1 ,1 ,1 ,1 ,1 ,0 ,1 ,1 ,1 ,1 ,1 ,1 ,1 ,0 ,1 ,1 ,1 
0 ,0 ,0 ,0 ,0 ,0 ,0 ,0 ,1 ,0 ,3 ,5 ,1 ,0 ,5 ,2 ,2 ,1 ,1 ,0 ,0 ,0 ,0 ,0 
1 ,1 ,4 ,8 ,9 ,0 ,0 ,1 ,1 ,6 ,1 ,1 ,1 ,0 ,1 ,1 ,1 ,8 ,0 ,0 ,0 ,5 ,14 ,15 
1 ,0 ,0 ,0 ,0 ,0 ,0 ,0 ,0 ,7 ,9 ,5 ,25 ,1 ,4 ,18 ,3 ,4 ,0 ,0 ,0 ,1 ,0 ,0 
1 ,2 ,0 ,0 ,0 ,0 ,0 ,0 ,0 ,1 ,5 ,18 ,1 ,0 ,4 ,5 ,1 ,23 ,20 ,0 ,0 ,0 ,2 ,0 
1886 ,1159 ,1103 ,1009 ,1096 ,1261 ,1223 ,1574 ,1770 ,1589 ,1445 ,1713 ,2496 ,1358 ,1257 ,1267 ,1235 ,1239 ,1775 ,1480 ,1994 ,1724 ,1489 ,1348 
2 ,0 ,0 ,0 ,0 ,0 ,0 ,0 ,1 ,2 ,4 ,1 ,3 ,2 ,2 ,1 ,2 ,2 ,0 ,0 ,0 ,1 ,0 ,0 
0 ,0 ,0 ,0 ,0 ,0 ,0 ,0 ,0 ,0 ,0 ,2 ,1 ,1 ,2 ,0 ,1 ,1 ,0 ,0 ,0 ,0 ,0 ,0 
1 ,0 ,4 ,6 ,0 ,0 ,0 ,1 ,0 ,5 ,1 ,3 ,1 ,0 ,2 ,3 ,1 ,0 ,0 ,0 ,0 ,8 ,5 ,6 
8 ,1 ,0 ,0 ,0 ,4 ,1 ,1 ,0 ,0 ,0 ,1 ,1 ,0 ,1 ,2 ,2 ,2 ,2 ,1 ,2 ,0 ,0 ,0 
0 ,0 ,1 ,1 ,1 ,0 ,1 ,1 ,0 ,0 ,1 ,1 ,1 ,1 ,0 ,1 ,0 ,0 ,0 ,1 ,0 ,0 ,0 ,0 
1 ,0 ,0 ,0 ,0 ,0 ,0 ,0 ,1 ,1 ,2 ,1 ,3 ,3 ,8 ,7 ,4 ,5 ,24 ,0 ,1 ,0 ,0 ,0 
0 ,0 ,0 ,0 ,0 ,0 ,0 ,0 ,0 ,1 ,0 ,1 ,2 ,2 ,4 ,1 ,3 ,1 ,1 ,0 ,0 ,1 ,0 ,0 
3 ,0 ,2 ,0 ,3 ,0 ,2 ,0 ,3 ,7 ,3 ,1 ,3 ,4 ,3 ,3 ,4 ,1 ,3 ,0 ,2 ,0 ,2 ,0 
0 ,0 ,0 ,0 ,0 ,0 ,0 ,0 ,0 ,0 ,8 ,5 ,0 ,0 ,0 ,0 ,1 ,0 ,0 ,0 ,0 ,0 ,0 ,0 
4 ,1 ,4 ,0 ,4 ,2 ,2 ,1 ,3 ,4 ,3 ,2 ,4 ,1 ,4 ,2 ,3 ,1 ,3 ,1 ,3 ,1 ,3 ,1 
0 ,0 ,0 ,0 ,0 ,0 ,0 ,0 ,0 ,0 ,0 ,0 ,1 ,0 ,1 ,17 ,2 ,0 ,0 ,0 ,0 ,0 ,0 ,0 
0 ,0 ,0 ,0 ,0 ,0 ,0 ,0 ,0 ,1 ,0 ,2 ,1 ,0 ,2 ,0 ,2 ,1 ,0 ,0 ,0 ,0 ,0 ,0 
1 ,0 ,0 ,0 ,0 ,0 ,0 ,0 ,0 ,4 ,1 ,2 ,2 ,3 ,3 ,0 ,2 ,1 ,2 ,0 ,0 ,1 ,0 ,0 
1 ,0 ,0 ,0 ,0 ,0 ,0 ,0 ,0 ,1 ,3 ,1 ,1 ,1 ,2 ,0 ,2 ,1 ,0 ,0 ,0 ,0 ,0 ,0 
48 ,24 ,25 ,17 ,18 ,26 ,51 ,50 ,74 ,67 ,68 ,67 ,69 ,87 ,87 ,83 ,83 ,82 ,101 ,101 ,103 ,112 ,108 ,92 
3 ,1 ,1 ,1 ,2 ,2 ,1 ,1 ,1 ,1 ,1 ,1 ,1 ,2 ,2 ,1 ,1 ,1 ,2 ,2 ,14 ,13 ,1 ,1 
3 ,2 ,0 ,0 ,0 ,0 ,0 ,0 ,0 ,0 ,0 ,0 ,0 ,0 ,0 ,0 ,0 ,0 ,0 ,0 ,0 ,0 ,0 ,0 
219 ,216 ,237 ,245 ,277 ,283 ,229 ,237 ,257 ,247 ,207 ,217 ,241 ,246 ,248 ,240 ,228 ,230 ,220 ,224 ,207 ,227 ,241 ,247 
0 ,0 ,0 ,0 ,0 ,0 ,0 ,0 ,1 ,4 ,3 ,1 ,1 ,1 ,2 ,1 ,1 ,1 ,1 ,1 ,0 ,0 ,0 ,0 
1 ,0 ,0 ,0 ,0 ,0 ,0 ,0 ,0 ,1 ,2 ,2 ,2 ,1 ,3 ,0 ,3 ,1 ,1 ,1 ,1 ,0 ,0 ,0 
0 ,0 ,0 ,0 ,0 ,0 ,0 ,0 ,0 ,3 ,4 ,3 ,0 ,0 ,0 ,3 ,2 ,2 ,0 ,6 ,0 ,0 ,1 ,4 
0 ,0 ,0 ,0 ,0 ,0 ,0 ,0 ,0 ,0 ,9 ,2 ,0 ,0 ,2 ,0 ,0 ,0 ,0 ,0 ,0 ,0 ,0 ,0 
0 ,0 ,0 ,0 ,0 ,0 ,0 ,0 ,0 ,2 ,4 ,2 ,1 ,1 ,2 ,1 ,1 ,1 ,0 ,0 ,0 ,0 ,0 ,0 
0 ,8 ,0 ,2 ,0 ,1 ,0 ,0 ,3 ,2 ,3 ,2 ,4 ,5 ,3 ,5 ,5 ,2 ,4 ,2 ,2 ,1 ,1 ,5 
3 ,0 ,8 ,8 ,0 ,0 ,0 ,0 ,1 ,4 ,1 ,2 ,1 ,1 ,0 ,3 ,1 ,0 ,0 ,0 ,0 ,5 ,8 ,7 
0 ,0 ,0 ,0 ,0 ,0 ,0 ,0 ,0 ,1 ,1 ,2 ,1 ,1 ,1 ,0 ,3 ,1 ,2 ,0 ,0 ,0 ,0 ,0 
2 ,3 ,4 ,7 ,5 ,2 ,4 ,1 ,3 ,3 ,4 ,7 ,3 ,3 ,5 ,2 ,3 ,3 ,2 ,4 ,5 ,3 ,1 ,3 
0 ,0 ,0 ,0 ,0 ,0 ,0 ,0 ,0 ,0 ,0 ,1 ,1 ,1 ,2 ,0 ,2 ,1 ,0 ,0 ,0 ,0 ,0 ,0 
3 ,1 ,3 ,0 ,3 ,0 ,3 ,0 ,3 ,2 ,3 ,2 ,4 ,1 ,5 ,4 ,5 ,0 ,3 ,0 ,3 ,0 ,3 ,1 
0 ,0 ,0 ,0 ,0 ,0 ,0 ,0 ,0 ,2 ,3 ,2 ,4 ,1 ,2 ,0 ,2 ,1 ,3 ,1 ,0 ,0 ,0 ,0 
2 ,2 ,1 ,1 ,2 ,2 ,1 ,1 ,1 ,1 ,1 ,1 ,1 ,1 ,1 ,1 ,1 ,1 ,1 ,1 ,1 ,1 ,1 ,1 
0 ,0 ,0 ,0 ,0 ,0 ,0 ,0 ,0 ,2 ,2 ,1 ,2 ,1 ,2 ,0 ,3 ,1 ,1 ,1 ,1 ,1 ,0 ,0 
1 ,0 ,0 ,0 ,0 ,0 ,0 ,0 ,0 ,0 ,0 ,1 ,2 ,1 ,2 ,0 ,2 ,0 ,0 ,0 ,0 ,0 ,0 ,0 
3 ,0 ,4 ,1 ,4 ,0 ,3 ,0 ,3 ,2 ,3 ,1 ,4 ,1 ,4 ,1 ,5 ,0 ,3 ,1 ,3 ,1 ,3 ,1 
0 ,0 ,0 ,0 ,0 ,0 ,0 ,0 ,0 ,1 ,28 ,0 ,0 ,0 ,0 ,0 ,1 ,0 ,0 ,0 ,0 ,0 ,0 ,0 
1 ,1 ,9 ,1 ,1 ,1 ,0 ,1 ,1 ,1 ,1 ,1 ,1 ,1 ,1 ,1 ,1 ,1 ,1 ,1 ,1 ,1 ,1 ,1 
23 ,24 ,26 ,27 ,30 ,31 ,25 ,27 ,28 ,28 ,25 ,26 ,27 ,29 ,29 ,28 ,28 ,27 ,27 ,27 ,26 ,28 ,29 ,28 
1 ,1 ,3 ,0 ,1 ,1 ,1 ,1 ,1 ,1 ,1 ,1 ,1 ,1 ,1 ,1 ,0 ,0 ,1 ,1 ,0 ,1 ,1 ,1 
536 ,568 ,608 ,623 ,630 ,656 ,510 ,523 ,548 ,538 ,476 ,497 ,535 ,557 ,544 ,522 ,525 ,512 ,516 ,492 ,462 ,501 ,538 ,563 
1 ,1 ,1 ,1 ,2 ,1 ,1 ,1 ,1 ,2 ,2 ,2 ,1 ,1 ,3 ,2 ,2 ,2 ,1 ,2 ,1 ,2 ,1 ,1 
1 ,1 ,4 ,1 ,1 ,1 ,1 ,1 ,1 ,1 ,1 ,0 ,1 ,1 ,1 ,1 ,1 ,1 ,1 ,1 ,1 ,1 ,1 ,0 
0 ,0 ,0 ,0 ,0 ,1 ,1 ,0 ,3 ,1 ,3 ,3 ,1 ,4 ,4 ,7 ,10 ,11 ,4 ,3 ,2 ,1 ,1 ,0 
0 ,0 ,0 ,0 ,0 ,0 ,0 ,0 ,0 ,0 ,1 ,1 ,6 ,1 ,4 ,1 ,3 ,2 ,2 ,0 ,0 ,0 ,0 ,0 
34 ,16 ,9 ,6 ,5 ,7 ,24 ,52 ,104 ,90 ,115 ,88 ,73 ,107 ,140 ,207 ,131 ,174 ,137 ,146 ,127 ,122 ,113 ,79 
2 ,0 ,0 ,0 ,0 ,0 ,0 ,0 ,1 ,2 ,2 ,1 ,2 ,3 ,2 ,1 ,3 ,2 ,1 ,0 ,0 ,1 ,0 ,0 
594 ,579 ,665 ,675 ,806 ,805 ,614 ,663 ,725 ,657 ,613 ,642 ,665 ,708 ,690 ,632 ,653 ,649 ,647 ,586 ,593 ,595 ,675 ,727 
0 ,0 ,0 ,0 ,0 ,0 ,0 ,0 ,0 ,1 ,7 ,2 ,1 ,1 ,1 ,0 ,2 ,2 ,0 ,0 ,0 ,0 ,0 ,0 
0 ,0 ,0 ,0 ,0 ,0 ,0 ,0 ,0 ,1 ,0 ,2 ,0 ,1 ,1 ,0 ,2 ,1 ,0 ,0 ,0 ,0 ,0 ,0 
0 ,0 ,0 ,0 ,0 ,0 ,0 ,0 ,0 ,1 ,1 ,1 ,4 ,2 ,2 ,0 ,2 ,1 ,1 ,1 ,0 ,0 ,0 ,0 
0 ,0 ,0 ,0 ,0 ,0 ,0 ,0 ,0 ,2 ,4 ,2 ,1 ,1 ,7 ,2 ,3 ,2 ,0 ,1 ,1 ,1 ,0 ,0 
2 ,0 ,1 ,0 ,1 ,0 ,1 ,0 ,1 ,1 ,1 ,1 ,1 ,0 ,2 ,1 ,3 ,0 ,2 ,0 ,1 ,0 ,1 ,1 
0 ,0 ,0 ,0 ,0 ,0 ,0 ,0 ,4 ,0 ,1 ,0 ,0 ,0 ,1 ,2 ,0 ,1 ,2 ,0 ,0 ,0 ,0 ,0 
332 ,216 ,163 ,136 ,153 ,255 ,388 ,533 ,626 ,681 ,655 ,730 ,874 ,904 ,859 ,846 ,876 ,974 ,1145 ,1312 ,1225 ,1282 ,1063 ,708 
0 ,0 ,0 ,0 ,0 ,0 ,0 ,0 ,0 ,1 ,0 ,1 ,1 ,1 ,1 ,0 ,1 ,1 ,1 ,0 ,1 ,0 ,0 ,0 
89 ,51 ,138 ,148 ,130 ,188 ,240 ,167 ,184 ,296 ,221 ,214 ,235 ,232 ,285 ,300 ,279 ,232 ,178 ,313 ,215 ,116 ,102 ,107 
0 ,0 ,0 ,0 ,0 ,0 ,0 ,0 ,0 ,0 ,1 ,0 ,0 ,0 ,5 ,1 ,1 ,1 ,0 ,1 ,1 ,1 ,1 ,0 
0 ,0 ,0 ,0 ,0 ,0 ,0 ,0 ,2 ,3 ,4 ,2 ,2 ,3 ,2 ,1 ,3 ,2 ,2 ,1 ,0 ,1 ,0 ,0 
0 ,0 ,0 ,0 ,0 ,0 ,0 ,0 ,0 ,0 ,0 ,1 ,0 ,0 ,0 ,0 ,0 ,0 ,0 ,3 ,6 ,16 ,0 ,0 
1 ,0 ,0 ,0 ,0 ,0 ,0 ,0 ,0 ,1 ,0 ,3 ,0 ,0 ,2 ,1 ,3 ,1 ,1 ,0 ,1 ,0 ,0 ,0 
0 ,0 ,0 ,0 ,0 ,0 ,0 ,0 ,0 ,0 ,1 ,2 ,2 ,0 ,3 ,4 ,1 ,3 ,1 ,0 ,0 ,0 ,0 ,0 
0 ,0 ,0 ,0 ,0 ,0 ,0 ,0 ,0 ,1 ,1 ,0 ,0 ,0 ,3 ,1 ,1 ,1 ,1 ,1 ,0 ,0 ,0 ,0 
256 ,0 ,3 ,280 ,369 ,7 ,8 ,7 ,12 ,4 ,6 ,4 ,8 ,3 ,7 ,5 ,7 ,4 ,8 ,4 ,6 ,4 ,8 ,4 
121 ,92 ,77 ,110 ,111 ,152 ,212 ,130 ,145 ,145 ,98 ,24 ,20 ,8 ,39 ,42 ,57 ,31 ,42 ,55 ,40 ,55 ,65 ,53 
0 ,0 ,0 ,0 ,0 ,0 ,0 ,0 ,0 ,1 ,1 ,0 ,0 ,0 ,0 ,45 ,1 ,0 ,0 ,1 ,0 ,0 ,0 ,1 
61 ,69 ,81 ,82 ,88 ,96 ,80 ,75 ,82 ,78 ,71 ,77 ,82 ,87 ,84 ,78 ,73 ,71 ,81 ,74 ,69 ,77 ,87 ,83 
0 ,1 ,1 ,1 ,1 ,1 ,1 ,0 ,1 ,1 ,1 ,1 ,1 ,1 ,1 ,1 ,1 ,1 ,1 ,1 ,1 ,1 ,1 ,1 
0 ,0 ,0 ,0 ,0 ,0 ,0 ,0 ,0 ,1 ,7 ,2 ,2 ,2 ,2 ,1 ,2 ,2 ,2 ,0 ,0 ,1 ,0 ,0 
0 ,0 ,0 ,0 ,0 ,0 ,0 ,0 ,0 ,1 ,0 ,1 ,1 ,1 ,1 ,0 ,1 ,0 ,0 ,0 ,0 ,0 ,0 ,0 
0 ,0 ,0 ,0 ,0 ,0 ,0 ,0 ,6 ,3 ,5 ,2 ,0 ,1 ,6 ,4 ,1 ,0 ,0 ,0 ,0 ,0 ,0 ,0 
1 ,0 ,0 ,1 ,1 ,0 ,0 ,0 ,1 ,1 ,1 ,0 ,0 ,1 ,0 ,0 ,0 ,1 ,0 ,1 ,1 ,1 ,0 ,0 
58 ,0 ,0 ,0 ,0 ,0 ,0 ,0 ,0 ,14 ,0 ,96 ,0 ,0 ,0 ,0 ,9 ,36 ,6 ,0 ,0 ,0 ,64 ,16 
1 ,0 ,0 ,0 ,0 ,1 ,0 ,0 ,1 ,3 ,4 ,1 ,3 ,2 ,5 ,1 ,4 ,2 ,2 ,0 ,6 ,1 ,0 ,0 
0 ,0 ,0 ,0 ,0 ,0 ,0 ,0 ,0 ,1 ,2 ,2 ,1 ,2 ,1 ,0 ,2 ,2 ,1 ,0 ,0 ,1 ,0 ,0 
0 ,0 ,0 ,0 ,0 ,0 ,0 ,0 ,1 ,4 ,0 ,0 ,0 ,0 ,1 ,11 ,0 ,0 ,0 ,6 ,1 ,7 ,2 ,7 
1 ,0 ,1 ,1 ,0 ,0 ,1 ,0 ,1 ,2 ,2 ,2 ,1 ,2 ,2 ,2 ,3 ,2 ,2 ,1 ,1 ,1 ,1 ,2 
0 ,0 ,0 ,0 ,0 ,0 ,0 ,0 ,0 ,1 ,1 ,1 ,1 ,2 ,3 ,2 ,3 ,1 ,1 ,0 ,0 ,0 ,0 ,0 
491 ,371 ,437 ,372 ,444 ,404 ,420 ,410 ,667 ,633 ,647 ,544 ,601 ,552 ,650 ,572 ,622 ,526 ,557 ,517 ,558 ,499 ,602 ,516 
1 ,4 ,5 ,340 ,238 ,7180 ,17 ,11 ,7 ,4 ,3 ,2 ,1 ,1 ,1 ,1 ,2 ,1 ,1 ,1 ,8 ,1 ,0 ,0 
477 ,470 ,586 ,541 ,578 ,616 ,511 ,543 ,599 ,566 ,526 ,493 ,520 ,519 ,587 ,546 ,566 ,520 ,517 ,604 ,477 ,497 ,467 ,1375 
1 ,0 ,0 ,0 ,0 ,0 ,0 ,0 ,0 ,2 ,1 ,2 ,4 ,1 ,3 ,1 ,3 ,3 ,1 ,0 ,0 ,0 ,0 ,0 
3 ,1 ,3 ,0 ,4 ,0 ,3 ,0 ,4 ,2 ,3 ,2 ,4 ,0 ,4 ,5 ,4 ,1 ,4 ,1 ,3 ,0 ,2 ,0 
0 ,0 ,0 ,0 ,0 ,0 ,0 ,0 ,0 ,1 ,3 ,1 ,2 ,3 ,2 ,1 ,2 ,1 ,0 ,0 ,0 ,1 ,0 ,0 
0 ,0 ,0 ,0 ,0 ,0 ,0 ,0 ,0 ,3 ,5 ,2 ,2 ,2 ,4 ,1 ,2 ,3 ,1 ,0 ,1 ,2 ,0 ,0 
4 ,0 ,0 ,0 ,0 ,0 ,0 ,0 ,0 ,10 ,7 ,8 ,0 ,4 ,3 ,13 ,11 ,8 ,19 ,0 ,8 ,2 ,0 ,0 
4 ,18 ,23 ,12 ,3 ,3 ,15 ,6 ,6 ,6 ,5 ,5 ,6 ,6 ,6 ,5 ,8 ,6 ,4 ,5 ,5 ,4 ,6 ,5 
0 ,0 ,0 ,0 ,0 ,0 ,0 ,0 ,2 ,1 ,0 ,0 ,1 ,0 ,5 ,2 ,1 ,1 ,2 ,0 ,0 ,0 ,0 ,0 
1 ,0 ,0 ,0 ,0 ,0 ,0 ,0 ,0 ,3 ,3 ,1 ,2 ,1 ,2 ,1 ,3 ,3 ,1 ,0 ,0 ,1 ,0 ,0 
0 ,0 ,0 ,1 ,1 ,0 ,1 ,0 ,1 ,1 ,1 ,0 ,1 ,0 ,0 ,0 ,0 ,0 ,0 ,0 ,0 ,0 ,1 ,1 
8 ,7 ,2 ,2 ,2 ,1 ,6 ,1 ,0 ,1 ,2 ,1 ,15 ,2 ,2 ,2 ,1 ,2 ,7 ,2 ,1 ,1 ,2 ,1 
1 ,0 ,0 ,0 ,0 ,0 ,0 ,0 ,1 ,2 ,2 ,2 ,2 ,1 ,2 ,1 ,2 ,2 ,1 ,0 ,0 ,1 ,0 ,0 
1 ,0 ,0 ,0 ,0 ,0 ,0 ,0 ,0 ,0 ,1 ,1 ,0 ,0 ,3 ,1 ,0 ,1 ,1 ,1 ,1 ,1 ,2 ,2 
0 ,0 ,0 ,0 ,0 ,0 ,0 ,0 ,0 ,0 ,0 ,0 ,0 ,0 ,0 ,15 ,0 ,0 ,0 ,9 ,0 ,0 ,0 ,0 
1 ,0 ,0 ,0 ,0 ,0 ,0 ,0 ,0 ,1 ,2 ,4 ,3 ,1 ,5 ,0 ,3 ,1 ,1 ,0 ,0 ,0 ,0 ,0 
0 ,0 ,0 ,0 ,0 ,0 ,0 ,0 ,1 ,0 ,2 ,3 ,0 ,0 ,3 ,3 ,1 ,1 ,0 ,0 ,0 ,0 ,0 ,0 
3 ,0 ,4 ,0 ,3 ,0 ,3 ,0 ,4 ,2 ,3 ,1 ,4 ,0 ,5 ,9 ,4 ,2 ,3 ,1 ,3 ,0 ,3 ,1 
0 ,0 ,0 ,0 ,0 ,0 ,0 ,0 ,0 ,3 ,2 ,2 ,3 ,3 ,3 ,1 ,2 ,1 ,0 ,1 ,0 ,1 ,0 ,0 
0 ,0 ,0 ,0 ,0 ,0 ,0 ,0 ,0 ,5 ,1 ,3 ,0 ,0 ,2 ,1 ,2 ,2 ,1 ,2 ,1 ,0 ,0 ,0 
0 ,0 ,0 ,0 ,0 ,0 ,0 ,0 ,0 ,1 ,0 ,1 ,1 ,1 ,2 ,3 ,2 ,2 ,1 ,0 ,0 ,0 ,0 ,0 
0 ,0 ,0 ,0 ,0 ,0 ,0 ,0 ,0 ,0 ,0 ,0 ,0 ,0 ,0 ,1 ,10 ,6 ,0 ,0 ,0 ,0 ,0 ,0 
576 ,586 ,719 ,663 ,761 ,777 ,637 ,680 ,698 ,666 ,569 ,560 ,689 ,700 ,679 ,669 ,665 ,630 ,637 ,608 ,569 ,615 ,607 ,693 
498 ,402 ,574 ,481 ,642 ,568 ,594 ,451 ,592 ,563 ,536 ,496 ,516 ,555 ,500 ,646 ,484 ,569 ,475 ,546 ,482 ,466 ,533 ,1494 
1 ,1 ,3 ,1 ,0 ,1 ,0 ,1 ,1 ,0 ,0 ,1 ,0 ,1 ,1 ,0 ,1 ,1 ,1 ,1 ,1 ,1 ,1 ,1 
1 ,0 ,0 ,0 ,0 ,0 ,0 ,0 ,1 ,5 ,2 ,2 ,4 ,2 ,33 ,17 ,3 ,3 ,1 ,17 ,2 ,2 ,0 ,0 
2 ,1 ,0 ,1 ,2 ,2 ,2 ,1 ,2 ,2 ,2 ,2 ,1 ,1 ,2 ,2 ,2 ,1 ,1 ,2 ,1 ,2 ,1 ,1 
0 ,0 ,0 ,0 ,0 ,0 ,0 ,0 ,0 ,0 ,0 ,0 ,0 ,0 ,0 ,0 ,0 ,15 ,0 ,0 ,0 ,0 ,0 ,0 
0 ,0 ,0 ,0 ,0 ,0 ,0 ,0 ,0 ,4 ,3 ,2 ,0 ,2 ,3 ,1 ,0 ,0 ,1 ,1 ,1 ,3 ,0 ,1 
4 ,0 ,3 ,3 ,2 ,0 ,0 ,1 ,0 ,3 ,1 ,5 ,1 ,1 ,1 ,1 ,0 ,0 ,0 ,0 ,0 ,4 ,15 ,9 
0 ,0 ,0 ,0 ,0 ,0 ,0 ,0 ,0 ,2 ,1 ,1 ,0 ,0 ,1 ,2 ,2 ,1 ,1 ,0 ,0 ,0 ,0 ,0 
1515 ,0 ,0 ,1409 ,0 ,10 ,3 ,9 ,7 ,4 ,3 ,3 ,5 ,4 ,4 ,5 ,4 ,4 ,4 ,4 ,3 ,4 ,4 ,4 
1 ,1 ,0 ,1 ,1 ,1 ,1 ,1 ,1 ,1 ,1 ,0 ,1 ,0 ,0 ,1 ,1 ,1 ,1 ,1 ,0 ,1 ,0 ,1 
576 ,650 ,731 ,796 ,861 ,871 ,688 ,722 ,810 ,737 ,630 ,663 ,728 ,765 ,759 ,733 ,715 ,704 ,700 ,619 ,588 ,631 ,692 ,777 
0 ,0 ,0 ,0 ,0 ,0 ,0 ,0 ,1 ,2 ,4 ,1 ,1 ,2 ,2 ,1 ,3 ,1 ,1 ,0 ,1 ,1 ,0 ,0 
0 ,0 ,0 ,0 ,0 ,0 ,0 ,0 ,0 ,3 ,5 ,6 ,0 ,0 ,11 ,1 ,7 ,4 ,7 ,7 ,14 ,0 ,0 ,0 
0 ,0 ,0 ,0 ,0 ,0 ,0 ,0 ,0 ,0 ,0 ,1 ,2 ,1 ,2 ,0 ,3 ,0 ,1 ,0 ,0 ,0 ,0 ,0 
0 ,0 ,0 ,0 ,0 ,0 ,0 ,0 ,0 ,0 ,2 ,1 ,0 ,0 ,2 ,12 ,1 ,2 ,0 ,1 ,0 ,0 ,0 ,0 
0 ,0 ,0 ,0 ,0 ,0 ,0 ,0 ,0 ,6 ,0 ,0 ,0 ,0 ,0 ,1 ,13 ,2 ,0 ,2 ,12 ,1 ,0 ,2 
91 ,102 ,99 ,141 ,110 ,110 ,91 ,94 ,98 ,96 ,83 ,86 ,91 ,97 ,95 ,96 ,89 ,92 ,92 ,90 ,88 ,97 ,95 ,99 
1 ,0 ,0 ,0 ,0 ,0 ,0 ,0 ,0 ,2 ,1 ,1 ,2 ,1 ,2 ,0 ,7 ,1 ,1 ,0 ,0 ,1 ,0 ,0 
9 ,3 ,1 ,2 ,6 ,3 ,6 ,116 ,305 ,708 ,343 ,248 ,100 ,166 ,282 ,290 ,196 ,1224 ,3730 ,1351 ,61 ,59 ,41 ,21 
0 ,0 ,0 ,0 ,0 ,0 ,0 ,0 ,4 ,1 ,1 ,2 ,0 ,0 ,1 ,1 ,5 ,2 ,1 ,1 ,0 ,1 ,0 ,1 
0 ,0 ,0 ,0 ,0 ,0 ,0 ,0 ,1 ,1 ,1 ,2 ,0 ,1 ,1 ,0 ,1 ,0 ,0 ,0 ,1 ,1 ,0 ,2 
1 ,1 ,0 ,1 ,0 ,0 ,2 ,2 ,1 ,2 ,0 ,1 ,2 ,2 ,1 ,1 ,1 ,1 ,1 ,1 ,1 ,1 ,1 ,1 
328 ,317 ,352 ,359 ,405 ,420 ,335 ,338 ,387 ,371 ,371 ,368 ,400 ,426 ,447 ,444 ,421 ,368 ,351 ,341 ,318 ,329 ,352 ,357 
0 ,0 ,0 ,0 ,0 ,0 ,0 ,0 ,0 ,2 ,1 ,1 ,2 ,2 ,3 ,2 ,4 ,1 ,0 ,1 ,1 ,1 ,0 ,0 
0 ,0 ,0 ,0 ,0 ,0 ,0 ,0 ,0 ,1 ,2 ,2 ,2 ,1 ,2 ,0 ,2 ,0 ,2 ,0 ,0 ,0 ,0 ,0 
0 ,0 ,0 ,0 ,0 ,0 ,0 ,0 ,4 ,2 ,1 ,0 ,0 ,1 ,12 ,0 ,2 ,0 ,0 ,0 ,0 ,0 ,0 ,0 
400 ,314 ,283 ,146 ,155 ,150 ,167 ,385 ,455 ,485 ,529 ,508 ,752 ,648 ,699 ,656 ,619 ,770 ,737 ,816 ,817 ,822 ,853 ,868 
0 ,0 ,0 ,0 ,0 ,0 ,0 ,1 ,4 ,2 ,3 ,3 ,2 ,2 ,4 ,6 ,8 ,1 ,3 ,7 ,2 ,0 ,0 ,0 
0 ,0 ,0 ,0 ,0 ,0 ,0 ,0 ,1 ,1 ,9 ,2 ,0 ,0 ,0 ,0 ,0 ,3 ,0 ,1 ,0 ,1 ,2 ,4 
1 ,0 ,0 ,0 ,0 ,0 ,0 ,1 ,0 ,4 ,4 ,2 ,3 ,3 ,3 ,1 ,3 ,1 ,1 ,1 ,1 ,0 ,0 ,0 
3 ,0 ,2 ,0 ,3 ,1 ,3 ,0 ,3 ,1 ,3 ,3 ,3 ,0 ,4 ,7 ,4 ,1 ,3 ,1 ,3 ,0 ,3 ,1 
1216 ,1344 ,1285 ,1432 ,1294 ,1320 ,1207 ,1301 ,1480 ,1716 ,1259 ,1441 ,1367 ,1423 ,1445 ,1322 ,1442 ,1238 ,1229 ,1085 ,1150 ,2107 ,1399 ,1310 
3 ,1 ,1 ,1 ,1 ,1 ,1 ,1 ,1 ,2 ,1 ,1 ,1 ,1 ,1 ,1 ,1 ,1 ,1 ,1 ,1 ,1 ,1 ,1 
0 ,0 ,0 ,0 ,0 ,0 ,0 ,0 ,5 ,1 ,1 ,3 ,2 ,1 ,8 ,2 ,1 ,1 ,1 ,0 ,0 ,0 ,0 ,1 
314 ,83 ,104 ,522 ,211 ,102 ,87 ,91 ,91 ,88 ,82 ,81 ,89 ,88 ,86 ,84 ,86 ,85 ,84 ,78 ,76 ,83 ,91 ,92 
193 ,354 ,327 ,298 ,185 ,178 ,146 ,141 ,162 ,151 ,133 ,142 ,151 ,153 ,162 ,149 ,149 ,146 ,138 ,134 ,127 ,138 ,154 ,152 
0 ,1 ,1 ,1 ,1 ,1 ,1 ,1 ,1 ,1 ,1 ,1 ,1 ,1 ,1 ,1 ,1 ,1 ,1 ,1 ,1 ,1 ,1 ,1 
146 ,51 ,164 ,54 ,197 ,69 ,154 ,55 ,161 ,59 ,131 ,52 ,151 ,62 ,167 ,84 ,201 ,54 ,151 ,51 ,145 ,51 ,164 ,61 
0 ,0 ,0 ,0 ,0 ,0 ,0 ,0 ,0 ,9 ,4 ,1 ,1 ,6 ,0 ,1 ,1 ,3 ,5 ,0 ,25 ,0 ,0 ,0 
3 ,0 ,9 ,4 ,0 ,0 ,0 ,0 ,0 ,4 ,2 ,2 ,0 ,0 ,1 ,0 ,0 ,0 ,0 ,0 ,0 ,9 ,9 ,8 
1 ,0 ,0 ,0 ,0 ,0 ,0 ,0 ,0 ,3 ,2 ,1 ,2 ,1 ,3 ,0 ,3 ,1 ,0 ,1 ,1 ,1 ,0 ,0 
0 ,0 ,0 ,0 ,0 ,0 ,0 ,0 ,0 ,2 ,2 ,1 ,0 ,1 ,2 ,0 ,1 ,1 ,0 ,0 ,0 ,1 ,0 ,1 
3 ,1 ,0 ,0 ,0 ,0 ,0 ,0 ,0 ,0 ,0 ,0 ,0 ,0 ,0 ,0 ,0 ,0 ,0 ,0 ,0 ,0 ,0 ,0 
1 ,0 ,0 ,0 ,0 ,0 ,0 ,0 ,0 ,1 ,0 ,1 ,2 ,0 ,1 ,0 ,1 ,1 ,0 ,0 ,0 ,0 ,0 ,0 
1 ,1 ,1 ,2 ,5 ,8 ,11 ,22 ,31 ,27 ,20 ,16 ,18 ,26 ,34 ,32 ,23 ,14 ,6 ,4 ,2372 ,1310 ,578 ,363 
0 ,0 ,0 ,0 ,0 ,0 ,0 ,0 ,0 ,1 ,1 ,0 ,47 ,0 ,0 ,1 ,2 ,0 ,0 ,0 ,0 ,0 ,0 ,0 
3 ,0 ,3 ,0 ,4 ,0 ,3 ,0 ,3 ,2 ,2 ,2 ,4 ,0 ,3 ,2 ,3 ,1 ,3 ,0 ,2 ,0 ,3 ,0 
2 ,0 ,0 ,0 ,0 ,0 ,0 ,0 ,0 ,2 ,2 ,2 ,4 ,2 ,2 ,0 ,3 ,1 ,2 ,1 ,1 ,1 ,0 ,0 
0 ,0 ,0 ,0 ,0 ,0 ,0 ,0 ,0 ,1 ,1 ,1 ,0 ,1 ,2 ,0 ,1 ,5 ,1 ,2 ,1 ,1 ,0 ,0 
0 ,0 ,0 ,0 ,0 ,0 ,0 ,0 ,0 ,2 ,8 ,3 ,2 ,13 ,3 ,4 ,4 ,2 ,26 ,28 ,1 ,1 ,0 ,0 
0 ,0 ,0 ,0 ,0 ,0 ,0 ,0 ,0 ,4 ,6 ,4 ,2 ,4 ,3 ,0 ,3 ,3 ,1 ,0 ,1 ,0 ,0 ,0 
0 ,0 ,0 ,0 ,0 ,0 ,0 ,0 ,2 ,3 ,3 ,1 ,0 ,31 ,5 ,42 ,2 ,10 ,0 ,3 ,1 ,6 ,0 ,1 
0 ,0 ,0 ,0 ,0 ,0 ,0 ,0 ,0 ,2 ,0 ,1 ,1 ,1 ,1 ,0 ,2 ,1 ,0 ,0 ,0 ,0 ,0 ,0 
5 ,0 ,6 ,12 ,2 ,0 ,0 ,0 ,1 ,3 ,2 ,1 ,1 ,0 ,1 ,3 ,1 ,0 ,0 ,0 ,0 ,4 ,15 ,7 
0 ,0 ,0 ,0 ,0 ,0 ,0 ,0 ,0 ,2 ,1 ,5 ,0 ,1 ,2 ,12 ,0 ,1 ,4 ,1 ,0 ,0 ,0 ,0 
0 ,0 ,0 ,0 ,0 ,0 ,0 ,0 ,1 ,2 ,1 ,4 ,0 ,1 ,1 ,0 ,4 ,1 ,0 ,1 ,2 ,0 ,0 ,0 
1 ,0 ,0 ,0 ,0 ,0 ,0 ,0 ,0 ,0 ,6 ,3 ,6 ,2 ,4 ,2 ,1 ,4 ,2 ,3 ,1 ,0 ,1 ,2 
0 ,2 ,0 ,0 ,0 ,0 ,0 ,0 ,0 ,0 ,2 ,2 ,0 ,0 ,0 ,0 ,0 ,1 ,0 ,1 ,1 ,0 ,0 ,0 
0 ,1 ,6 ,1 ,1 ,1 ,1 ,1 ,1 ,1 ,1 ,1 ,1 ,1 ,1 ,1 ,1 ,1 ,1 ,1 ,1 ,1 ,1 ,1 
1 ,0 ,0 ,0 ,0 ,0 ,0 ,0 ,1 ,2 ,6 ,2 ,2 ,2 ,2 ,1 ,3 ,1 ,1 ,0 ,1 ,1 ,0 ,0 
0 ,0 ,0 ,0 ,0 ,0 ,0 ,0 ,1 ,0 ,2 ,4 ,14 ,0 ,3 ,1 ,2 ,1 ,2 ,0 ,0 ,0 ,0 ,0 
1 ,0 ,0 ,0 ,0 ,0 ,0 ,1 ,0 ,2 ,2 ,2 ,3 ,2 ,1 ,1 ,3 ,1 ,1 ,0 ,1 ,0 ,0 ,0 
3 ,1 ,3 ,0 ,3 ,0 ,3 ,0 ,3 ,2 ,4 ,2 ,4 ,0 ,4 ,2 ,4 ,1 ,3 ,1 ,3 ,1 ,3 ,0 
0 ,0 ,0 ,0 ,0 ,0 ,0 ,0 ,0 ,0 ,0 ,0 ,0 ,0 ,0 ,0 ,0 ,0 ,0 ,0 ,0 ,0 ,11 ,0 
0 ,0 ,0 ,0 ,0 ,0 ,0 ,0 ,0 ,0 ,0 ,0 ,0 ,0 ,0 ,0 ,0 ,14 ,0 ,0 ,0 ,0 ,0 ,0 
1527 ,0 ,0 ,0 ,0 ,0 ,0 ,0 ,292 ,820 ,468 ,1149 ,2 ,1617 ,1221 ,598 ,2825 ,629 ,300 ,322 ,18 ,95 ,226 ,203 
0 ,0 ,0 ,0 ,0 ,0 ,0 ,0 ,0 ,2 ,1 ,0 ,0 ,0 ,1 ,1 ,1 ,0 ,0 ,1 ,0 ,1 ,0 ,1 
1 ,0 ,0 ,1 ,1 ,1 ,1 ,1 ,1 ,1 ,1 ,1 ,1 ,1 ,1 ,1 ,1 ,1 ,1 ,1 ,1 ,1 ,1 ,1 
0 ,0 ,0 ,0 ,0 ,0 ,0 ,0 ,0 ,2 ,1 ,2 ,1 ,0 ,4 ,0 ,1 ,3 ,1 ,0 ,0 ,0 ,0 ,0 
2 ,0 ,0 ,0 ,0 ,0 ,0 ,0 ,1 ,1 ,4 ,2 ,3 ,1 ,2 ,1 ,2 ,2 ,2 ,0 ,1 ,0 ,0 ,0 
0 ,0 ,0 ,0 ,0 ,0 ,0 ,0 ,1 ,1 ,1 ,4 ,8 ,1 ,1 ,2 ,0 ,1 ,0 ,0 ,0 ,0 ,1 ,1 
1 ,0 ,0 ,0 ,0 ,0 ,0 ,0 ,1 ,1 ,2 ,2 ,2 ,1 ,3 ,1 ,3 ,1 ,0 ,0 ,1 ,0 ,0 ,0 
0 ,0 ,0 ,0 ,0 ,0 ,0 ,0 ,0 ,1 ,2 ,0 ,0 ,5 ,1 ,0 ,0 ,0 ,0 ,0 ,0 ,0 ,0 ,0 